Timestamp,Pump ID,Pressure Sensor Reading,Temperature Sensor Reading,Vibration Sensor Reading,Fluid Flow Rate,Maintenance History,Failure Indicator
2023-01-01 00:00:00,1846,35.89695836455197,51.01504004371519,1.667198228636841,467.15064679724543,No Maintenance,1
2023-01-01 02:00:00,1846,31.037514116430515,87.85561798788822,3.911871723592207,132.4215154536246,Routine Check,0
2023-01-01 04:00:00,1846,85.63295894652734,24.971822955571483,2.5694384332753444,292.2965588641058,Part Replacement,0
2023-01-01 06:00:00,1846,33.81829513486138,38.05642652475845,3.0812438613506696,281.8359468921931,Part Replacement,0
2023-01-01 08:00:00,1846,39.658236168005345,49.32238295672343,4.797710064528274,183.84109155087822,Routine Check,0
2023-01-01 10:00:00,1846,56.872517066096414,48.98403190079311,4.906788439951298,238.983867246339,No Maintenance,1
2023-01-01 12:00:00,1846,102.09932298479352,72.06759568696302,4.377159337665036,281.6661073393592,Part Replacement,0
2023-01-01 14:00:00,1846,29.710127579306125,44.301040826918154,2.115936894786333,446.0845851642517,No Maintenance,1
2023-01-01 16:00:00,1846,103.7944907498804,75.67018381485138,4.494653760772939,482.0256581494239,Part Replacement,0
2023-01-01 18:00:00,1846,29.60984078939631,69.33088643415837,3.3737412993863587,307.5702714548661,No Maintenance,1
2023-01-01 20:00:00,1846,117.64594650133958,48.92869734665571,2.434985512118209,448.03991611776877,Part Replacement,0
2023-01-01 22:00:00,1846,66.86512016477016,51.699610850617134,0.6608420712521768,343.2686342707118,Part Replacement,1
2023-01-02 00:00:00,1846,117.67610881903371,67.23485448387726,3.9655765588621197,239.6349367950702,Part Replacement,0
2023-01-02 02:00:00,1846,80.4845519745046,20.953586162294794,2.7594751132585085,177.67768304538762,No Maintenance,0
2023-01-02 04:00:00,1846,93.92635793983017,84.90457276023368,4.037848247592773,265.25390871310594,Routine Check,0
2023-01-02 06:00:00,1846,23.91877922543207,70.54079869465914,3.8661025970447143,309.12971316953906,No Maintenance,0
2023-01-02 08:00:00,1846,48.280696257640955,76.73910947551599,4.071053156217584,117.77735530382247,No Maintenance,0
2023-01-02 10:00:00,1846,32.01965612131689,60.638455092003184,1.852930214135451,158.33646634834028,No Maintenance,1
2023-01-02 12:00:00,1846,49.61401975221449,24.390554434298302,4.1035936958043395,340.073769592576,Part Replacement,1
2023-01-02 14:00:00,1846,31.872771895424407,49.42802713024074,2.969808478097753,190.00063787086484,Part Replacement,1
2023-01-02 16:00:00,1846,51.798317939397606,49.456754542127264,2.6299679020211446,434.930550432519,No Maintenance,1
2023-01-02 18:00:00,1846,61.426299451466996,42.288654153673434,3.5380666121934063,230.77689990967625,No Maintenance,0
2023-01-02 20:00:00,1846,26.414749634878437,17.545777616903695,0.5961140732225674,141.93368290130036,Part Replacement,0
2023-01-02 22:00:00,1846,89.24721193700198,77.66661062070057,0.960425671494174,133.4122354221268,Routine Check,1
2023-01-03 00:00:00,1846,76.66014542065751,24.33167893531256,1.8147981432538491,474.84920821271186,Part Replacement,0
2023-01-03 02:00:00,1846,46.53894909394454,66.53619130883223,4.923455494810279,147.20812449675168,Part Replacement,1
2023-01-03 04:00:00,1846,72.32480534666996,74.77348719971334,1.1288560048922975,156.36390566482402,No Maintenance,0
2023-01-03 06:00:00,1846,29.394051075844168,68.95683744936406,1.9876833534164464,445.0664231731012,No Maintenance,0
2023-01-03 08:00:00,1846,77.59464955561793,96.52709141812787,0.7297387911136562,201.7152521109376,Part Replacement,1
2023-01-03 10:00:00,1846,112.92961975762141,23.780343182236784,1.9907099613172683,366.38056430176647,No Maintenance,0
2023-01-03 12:00:00,1846,51.856895245132364,88.70920852394192,1.9414682892987423,426.69027481195656,Part Replacement,0
2023-01-03 14:00:00,1846,86.74103799636816,17.481169962157626,4.760632269250349,342.87225605207686,Routine Check,0
2023-01-03 16:00:00,1846,33.17978624043921,60.467932668802135,4.303193391480741,482.9954173791398,No Maintenance,1
2023-01-03 18:00:00,1846,91.63272041185655,49.360707524837,2.2224389865924716,383.55315970433657,Routine Check,0
2023-01-03 20:00:00,1846,48.94060929472011,59.55562813346945,0.611460761176619,145.10060396146332,Part Replacement,1
2023-01-03 22:00:00,1846,38.31913620071168,46.03348955010083,4.239640012979201,323.3640106183519,Routine Check,1
2023-01-04 00:00:00,1846,78.65129348100831,31.198187769905786,3.472412797150431,387.27461043567354,No Maintenance,1
2023-01-04 02:00:00,1846,22.010754618749356,16.625446283138633,1.1856401764308937,420.7828961493781,Routine Check,1
2023-01-04 04:00:00,1846,102.89400292173632,59.042734172249816,4.982320719545842,110.52853411363661,No Maintenance,1
2023-01-04 06:00:00,1846,20.469547619254705,86.6360333282116,0.9510504684085537,387.5515661085698,Routine Check,0
2023-01-04 08:00:00,1846,87.781653679623,46.7233562383075,4.4020154371714835,430.2723284077798,No Maintenance,0
2023-01-04 10:00:00,1846,47.00079731921649,33.94342453127332,1.8241977385836003,398.7335243741426,Part Replacement,0
2023-01-04 12:00:00,1846,93.5194022122595,21.84522029510675,2.4590905984632068,304.9396582622392,Routine Check,0
2023-01-04 14:00:00,1846,116.21885451174383,22.251428465089788,4.079554370493415,283.2083852355212,Routine Check,0
2023-01-04 16:00:00,1846,44.875314351995804,33.818697934885634,3.5487876019730464,319.76743331992634,Routine Check,1
2023-01-04 18:00:00,1846,77.61573344178369,23.50119517833219,4.720389684998176,381.85747953064083,No Maintenance,0
2023-01-04 20:00:00,1846,79.2041931271839,37.528374360980976,3.2951314645717247,469.1657162529942,Routine Check,0
2023-01-04 22:00:00,1846,77.22519057908734,20.62270427994115,0.9401457266557374,346.81408425645,Routine Check,1
2023-01-05 00:00:00,1846,42.30816326406183,20.57641371284368,4.479621634588776,455.13372251338785,No Maintenance,0
2023-01-05 02:00:00,1846,115.2749011516985,87.78347526793647,3.9611998624486597,380.50273897829095,No Maintenance,1
2023-01-05 04:00:00,1846,64.71253786176274,28.780222160250823,3.703417029019949,127.33455097553903,Routine Check,1
2023-01-05 06:00:00,1846,104.64086724711278,62.57300449499308,0.7418009630918092,300.3312760006487,Routine Check,0
2023-01-05 08:00:00,1846,89.94792753175044,80.7437212781676,2.2830023509778483,214.59453932609694,No Maintenance,0
2023-01-05 10:00:00,1846,49.743695085513366,53.79481305382066,1.2534611875679265,214.0699712530289,Routine Check,0
2023-01-05 12:00:00,1846,101.37978197024772,28.036354618044385,4.19856758783541,242.37102048639366,Routine Check,1
2023-01-05 14:00:00,1846,59.65057408469846,31.965672080209718,3.6523788026803823,225.8931088001903,Part Replacement,1
2023-01-05 16:00:00,1846,108.11031971111616,51.80365753390036,4.473849187936109,331.4439920468401,Part Replacement,1
2023-01-05 18:00:00,1846,78.12728726358587,59.89989758017554,4.849587981158738,373.4406001414228,Routine Check,0
2023-01-05 20:00:00,1846,108.17353618548528,44.702424824125465,3.9863642638662435,207.4997548306942,Part Replacement,1
2023-01-05 22:00:00,1846,89.25315900777659,81.42576601994621,4.9740488744934295,151.90504902735253,Part Replacement,1
2023-01-06 00:00:00,1846,92.52542798196406,78.83684015279387,3.266464487649345,123.52348837378484,No Maintenance,0
2023-01-06 02:00:00,1846,70.13243819267024,93.81300362671503,0.6670832175115151,330.3011380122209,Routine Check,0
2023-01-06 04:00:00,1846,115.6083634723224,17.460966667291647,0.5641318181763315,174.45206653320096,Routine Check,1
2023-01-06 06:00:00,1846,84.39901992296375,91.13375975286729,2.0394674384170495,103.69919768947975,Part Replacement,0
2023-01-06 08:00:00,1846,62.38550485581797,48.36834701928284,4.205622735803917,471.10123172948164,Part Replacement,1
2023-01-06 10:00:00,1846,80.63932141279244,89.66166210729949,4.39760617846129,314.85616763329625,Routine Check,1
2023-01-06 12:00:00,1846,21.919319830933354,73.71670597330501,4.823656379702051,136.97927209878912,No Maintenance,1
2023-01-06 14:00:00,1846,50.15748166745493,98.9246443512873,0.7930466084696828,437.16844485099415,Routine Check,0
2023-01-06 16:00:00,1846,86.01735374926851,79.53900839591678,0.7005699994444884,493.28109531604724,No Maintenance,0
2023-01-06 18:00:00,1846,49.007760721044406,45.98629320972687,4.609776183651651,279.4402648070869,Routine Check,1
2023-01-06 20:00:00,1846,81.80154289988415,57.59036969095393,1.8727101426328772,116.99584329526327,Routine Check,1
2023-01-06 22:00:00,1846,62.87687009457662,46.99307819151986,3.010943302743347,147.0183763024254,No Maintenance,1
2023-01-07 00:00:00,1846,33.547406422245025,46.017506061805236,4.921001973503194,252.66149865817286,No Maintenance,1
2023-01-07 02:00:00,1846,49.828232595603076,37.17688244739008,2.302018406311655,454.20905497955084,No Maintenance,0
2023-01-07 04:00:00,1846,76.9964910701265,57.15747510674492,3.4964212923942792,159.2154717111048,No Maintenance,0
2023-01-07 06:00:00,1846,79.08727612481732,72.9478953308957,2.303958036343934,429.5960376010782,No Maintenance,0
2023-01-07 08:00:00,1846,77.43252488495787,38.5739230609457,3.9568759900825086,105.99050408760777,No Maintenance,0
2023-01-07 10:00:00,1846,85.32008198571336,59.5722839415637,2.874716265077896,282.9554795143244,No Maintenance,0
2023-01-07 12:00:00,1846,85.21032700016889,24.97732500449736,1.5688541209385738,357.75885638022726,Part Replacement,1
2023-01-07 14:00:00,1846,63.14184354339739,28.58684938260626,1.720877455663098,124.15179281023856,Routine Check,0
2023-01-07 16:00:00,1846,109.6546595851063,18.978540150536045,1.6612664564228325,345.90510024659466,No Maintenance,1
2023-01-07 18:00:00,1846,56.75618700478965,97.51217263550379,2.8954414771635237,477.76164858782244,Part Replacement,1
2023-01-07 20:00:00,1846,63.58649252656268,15.328129878372193,3.6643505720704894,164.10396805463802,Routine Check,1
2023-01-07 22:00:00,1846,109.19233550156721,30.179297284900784,4.771759550194139,391.8445532141411,Routine Check,1
2023-01-08 00:00:00,1846,100.61939890460857,67.09367401494436,3.6233931878734094,343.63755917741736,Routine Check,1
2023-01-08 02:00:00,1846,90.38885835403663,21.91641590253095,4.015367797830757,174.04655555169222,Part Replacement,1
2023-01-08 04:00:00,1846,30.02268873123011,89.96120276323074,1.2601675213905454,102.4813658837464,Part Replacement,1
2023-01-08 06:00:00,1846,111.94826137446735,76.1677134165945,2.1832818125329654,103.71378020237083,Routine Check,1
2023-01-08 08:00:00,1846,91.42412995491114,97.14314757222094,2.362010989362197,312.83696366881145,Part Replacement,0
2023-01-08 10:00:00,1846,119.88470065678665,58.149021515465016,3.5887110350021283,477.1117638244774,Part Replacement,0
2023-01-08 12:00:00,1846,34.94483046579937,40.53431306847141,1.8315138936959312,357.71945098624496,No Maintenance,1
2023-01-08 14:00:00,1846,106.81260573682142,61.70754868759807,1.8648136463884974,385.71993851749744,Part Replacement,1
2023-01-08 16:00:00,1846,36.249293467637486,94.11959097032772,2.1015011958839063,297.54619476821483,Routine Check,1
2023-01-08 18:00:00,1846,81.55595642838442,59.26472216555815,4.146359366944545,332.7555770538279,Routine Check,1
2023-01-08 20:00:00,1846,32.38199828494415,37.71259770829708,3.099155405195069,150.54701013224138,Part Replacement,0
2023-01-08 22:00:00,1846,104.80082293222344,89.57889707980017,0.8387477592473052,450.7282481602523,Part Replacement,0
2023-01-09 00:00:00,1846,100.73189587250107,46.61309362355921,0.8521074486071096,404.3170514667207,Routine Check,0
2023-01-09 02:00:00,1846,76.91007386145932,15.117584749914927,2.1707912492712467,499.2795811378438,Routine Check,1
2023-01-09 04:00:00,1846,60.71832972259997,36.053226911846856,3.9496597277277123,219.08917902224854,Part Replacement,1
2023-01-09 06:00:00,1846,26.916699545513804,42.0498482800503,3.5990754191540626,190.80710871842314,Part Replacement,1
2023-01-09 08:00:00,1846,89.74287731445636,87.99608479971168,3.68592059593034,150.06466318453718,No Maintenance,0
2023-01-09 10:00:00,1846,65.35426826780689,53.972769200647825,3.952445297243436,485.6839026464179,Routine Check,0
2023-01-09 12:00:00,1846,92.20555994703479,52.789919463960565,1.7921872079884822,412.3540738512094,Part Replacement,0
2023-01-09 14:00:00,1846,106.63823259286292,43.56869264399043,2.9671532687393958,166.52984548785548,Part Replacement,1
2023-01-09 16:00:00,1846,117.55215050028858,89.85764045900177,2.945086881425463,321.07458844328556,Part Replacement,0
2023-01-09 18:00:00,1846,105.5803342392611,95.32727603993327,3.828346255309772,265.5072832269107,Routine Check,1
2023-01-09 20:00:00,1846,21.171408418500196,99.3106779781435,4.805917560975408,160.59440312247713,No Maintenance,1
2023-01-09 22:00:00,1846,55.99780644783639,47.02300769168387,1.7509547515795965,164.8291940119862,Part Replacement,1
2023-01-10 00:00:00,1846,92.9990562424058,97.12253287830957,4.069767527406717,485.3879978980743,No Maintenance,0
2023-01-10 02:00:00,1846,37.16296772614405,82.30976341862662,3.469867468354681,221.98567318308886,Routine Check,1
2023-01-10 04:00:00,1846,72.10366062041294,72.43357754976267,3.1110704188855705,476.5757166735773,No Maintenance,1
2023-01-10 06:00:00,1846,25.433798833925362,35.81560575070845,3.9869590070633087,130.24426922603377,No Maintenance,0
2023-01-10 08:00:00,1846,39.999652489640006,33.39886718025784,4.748146098926447,284.3212169172762,No Maintenance,1
2023-01-10 10:00:00,1846,21.8521794460614,29.11406508430588,0.6651113804123585,151.84761940670404,Routine Check,1
2023-01-10 12:00:00,1846,99.36977033574206,93.43431186915606,1.163300461309493,101.91495409646888,Routine Check,1
2023-01-10 14:00:00,1846,42.39246880603801,39.99651630256912,3.903292541755021,321.50642948243063,Part Replacement,1
2023-01-10 16:00:00,1846,54.53516806969027,53.51301086315467,0.8770610880953804,145.55764192454535,Part Replacement,0
2023-01-10 18:00:00,1846,112.80812934655908,56.986415888913996,2.8225566533349187,388.80981237347186,Part Replacement,1
2023-01-10 20:00:00,1846,90.44144019235328,81.1445856132716,1.4893734948872313,379.2465502827598,No Maintenance,1
2023-01-10 22:00:00,1846,23.183892953130783,86.75997173200705,1.7343306672923817,170.53316298579566,No Maintenance,1
2023-01-01 00:00:00,1143,36.46941564979127,26.82117959763209,3.658282173249873,476.69685730620665,No Maintenance,0
2023-01-01 02:00:00,1143,82.14784014997636,51.28687061794126,0.6358674797092023,388.41736337299585,Routine Check,0
2023-01-01 04:00:00,1143,77.72285886041675,86.64266546601385,4.429937425558567,219.188105662772,Part Replacement,1
2023-01-01 06:00:00,1143,43.78928213745086,84.53283098924626,2.500155299085215,383.69350558031624,Routine Check,1
2023-01-01 08:00:00,1143,113.42139979247938,23.705169468455395,2.760769822581955,392.7721110726144,No Maintenance,1
2023-01-01 10:00:00,1143,81.3965955965896,28.292584653776856,2.9302158366216133,236.89053250038424,Part Replacement,0
2023-01-01 12:00:00,1143,73.56328030249583,40.856888785949664,3.404949325607723,250.2354249845837,Routine Check,0
2023-01-01 14:00:00,1143,78.99099763545709,21.40552087208393,2.0518546398023663,243.64260306132005,Part Replacement,1
2023-01-01 16:00:00,1143,93.01220295167697,51.0963552414504,0.954983707535711,346.6473774208296,Part Replacement,1
2023-01-01 18:00:00,1143,51.194499547960184,24.147504937714462,1.9327052149977946,460.16405861607177,Part Replacement,0
2023-01-01 20:00:00,1143,59.82210622160919,63.29849546193683,1.2566395311026914,169.27729449143504,No Maintenance,1
2023-01-01 22:00:00,1143,40.98437489751221,35.957339883948265,3.0025993075271327,450.07984393452733,No Maintenance,0
2023-01-02 00:00:00,1143,38.61930058803362,65.69681055471793,1.9311288393217392,111.061262602137,Part Replacement,0
2023-01-02 02:00:00,1143,114.43723899839335,24.9896796468092,4.811302300970457,364.135438391289,No Maintenance,0
2023-01-02 04:00:00,1143,93.95507950492876,97.95012881557534,4.845804250911263,265.77554927587767,Routine Check,1
2023-01-02 06:00:00,1143,69.0458808617567,94.26770232787393,3.2905664625570865,416.5126208929975,Routine Check,0
2023-01-02 08:00:00,1143,42.741462797332325,48.30273977799659,3.278737704502787,388.4792451723612,Routine Check,0
2023-01-02 10:00:00,1143,45.4356481770393,35.585180500717264,4.934203540551977,292.0431228580736,No Maintenance,1
2023-01-02 12:00:00,1143,25.80291603238756,36.28384809255368,4.492774180558337,357.5456146890387,Part Replacement,1
2023-01-02 14:00:00,1143,63.44166255581208,56.08845049220332,3.94281477121163,300.7092522799781,Routine Check,0
2023-01-02 16:00:00,1143,51.17958819941026,18.399388161560942,1.9111577528421555,424.6073882487533,Routine Check,0
2023-01-02 18:00:00,1143,89.63434888154595,69.3749340163858,2.144925626531344,290.4335943872928,No Maintenance,0
2023-01-02 20:00:00,1143,57.775183929248094,49.70574720887831,1.4057004459238944,309.2623959968303,No Maintenance,0
2023-01-02 22:00:00,1143,37.96036775596348,47.07955867005542,2.692166571128186,200.20823456687143,No Maintenance,0
2023-01-03 00:00:00,1143,22.467872839133122,83.79602257658186,4.956658349628108,342.01720672418895,Part Replacement,0
2023-01-03 02:00:00,1143,26.72496314632486,75.26801411557966,4.604679288552149,221.161923467934,Part Replacement,1
2023-01-03 04:00:00,1143,87.93927734985672,96.11837430837882,1.0325724530876108,330.91360581719283,No Maintenance,0
2023-01-03 06:00:00,1143,65.36968445560453,44.91458044213371,0.6133563018072776,167.87124622962796,Routine Check,0
2023-01-03 08:00:00,1143,73.65792111087222,91.29113499519947,4.543869507837198,163.7876369364635,No Maintenance,1
2023-01-03 10:00:00,1143,109.6671293040342,80.44721083125755,2.9172655757691834,266.8118964767974,Routine Check,1
2023-01-03 12:00:00,1143,119.03389473967043,45.38109538555061,1.4008544969380528,270.7278060442163,No Maintenance,0
2023-01-03 14:00:00,1143,41.68969843984739,67.84156209852691,3.531439713130859,207.24370596501564,Part Replacement,0
2023-01-03 16:00:00,1143,86.30782031001007,39.528446400394124,3.39900430068419,152.638740146676,Routine Check,1
2023-01-03 18:00:00,1143,46.33223767371506,89.3239929513616,1.0493852307641023,115.68421568555883,Part Replacement,1
2023-01-03 20:00:00,1143,22.065099946572868,24.556321963046457,1.6682010507392877,110.09273091512645,Routine Check,0
2023-01-03 22:00:00,1143,95.83786538361414,33.05692070999349,0.7703508394096608,208.62011600259027,Routine Check,1
2023-01-04 00:00:00,1143,52.00171508224678,30.557829826793295,1.4443721324156389,284.74137686477485,No Maintenance,1
2023-01-04 02:00:00,1143,58.3463894171898,49.25721020436453,1.095375536838783,390.4973125224508,Routine Check,0
2023-01-04 04:00:00,1143,78.83171135536057,78.34480160273097,1.3695633161355025,289.9486802856036,No Maintenance,1
2023-01-04 06:00:00,1143,103.10484552361905,59.78713316943533,3.5846021566090265,461.6203277741127,Part Replacement,0
2023-01-04 08:00:00,1143,82.89818435911488,56.452487500747644,0.7227488491748049,114.08792183016283,No Maintenance,0
2023-01-04 10:00:00,1143,107.26506554473953,15.04640701624463,0.9583457686169742,172.26424861625372,Part Replacement,0
2023-01-04 12:00:00,1143,47.35420348156357,51.159146655179654,1.1037813713522944,235.40579710805707,Part Replacement,0
2023-01-04 14:00:00,1143,99.80468339125638,20.402070861073465,1.9244350443116032,330.998475226049,No Maintenance,1
2023-01-04 16:00:00,1143,38.56359443059522,32.701526430326126,1.844376398833734,441.09446315757697,Routine Check,0
2023-01-04 18:00:00,1143,115.27916569719446,94.25348481164202,1.6477870339248775,240.08078078263057,Part Replacement,0
2023-01-04 20:00:00,1143,88.74882763878153,33.30884736917525,3.877414940445873,207.19547300176805,Routine Check,1
2023-01-04 22:00:00,1143,41.550767711355846,87.95869928391231,4.9911025449114526,124.7556675371583,Part Replacement,1
2023-01-05 00:00:00,1143,114.73705904889242,83.24593658271341,2.902900656329581,428.52139107924165,Part Replacement,0
2023-01-05 02:00:00,1143,93.08558067701578,28.52743014009064,4.748912230612739,251.86657728267159,Part Replacement,0
2023-01-05 04:00:00,1143,45.39416425950258,66.4855163679737,2.284745504567291,328.62007816677374,No Maintenance,1
2023-01-05 06:00:00,1143,41.331197736748194,24.83125911192613,0.9800710106122105,493.4221672684882,No Maintenance,0
2023-01-05 08:00:00,1143,71.82007139306633,76.87049346140847,2.3394822326142677,100.63782824171783,Part Replacement,1
2023-01-05 10:00:00,1143,22.56627180545316,69.18429357663757,1.83257498036612,158.1800562795464,No Maintenance,1
2023-01-05 12:00:00,1143,40.74700754411094,84.01477774373664,2.7203313303013017,411.6443976077422,No Maintenance,1
2023-01-05 14:00:00,1143,62.46854687515062,55.74768669808098,3.4566965461239043,422.05099408313515,Part Replacement,1
2023-01-05 16:00:00,1143,57.41699803342256,92.76336246583755,2.574725986185837,407.6988476131022,Part Replacement,1
2023-01-05 18:00:00,1143,66.35754243648107,19.194660477017376,4.708222304350215,314.7995564171317,No Maintenance,1
2023-01-05 20:00:00,1143,47.76287062947319,39.89552802729625,4.48144170034721,491.54279240922244,No Maintenance,1
2023-01-05 22:00:00,1143,78.67843464581688,75.7794707845392,3.6588991782478875,258.4738239981282,Part Replacement,1
2023-01-06 00:00:00,1143,106.38556059232315,50.53928299858007,2.703582105640471,340.77747924524493,No Maintenance,0
2023-01-06 02:00:00,1143,31.75318559620331,29.700865113048295,1.092592768165056,125.34760181953932,Part Replacement,0
2023-01-06 04:00:00,1143,71.73791071541142,24.112913361426415,2.2865615004993503,263.9429799629355,Routine Check,1
2023-01-06 06:00:00,1143,33.206810634515335,84.47382447423782,3.6698069273052814,389.0000350039688,Part Replacement,0
2023-01-06 08:00:00,1143,91.68596811925937,55.21715316957976,1.7819848424917903,195.49553630827972,Part Replacement,0
2023-01-06 10:00:00,1143,59.60597028072937,89.99411211312413,0.9679463489453919,477.5310356292594,Part Replacement,0
2023-01-06 12:00:00,1143,76.5421311858509,77.32957641692171,4.5855430587978265,374.7133470573156,Routine Check,1
2023-01-06 14:00:00,1143,38.32798362140786,49.82672747861321,3.6907286441699507,215.0301531430286,Part Replacement,0
2023-01-06 16:00:00,1143,34.48477593433772,46.74843620323311,3.268743919857937,407.59956908234255,Part Replacement,1
2023-01-06 18:00:00,1143,68.80562806489546,58.8292594653564,4.066245075240125,133.26590872324363,Part Replacement,0
2023-01-06 20:00:00,1143,55.561273784995564,90.57009602112693,4.26040716912564,489.90976900418264,Routine Check,1
2023-01-06 22:00:00,1143,114.04319452528131,77.66867927570428,2.6755654917696052,119.7141036294234,Routine Check,1
2023-01-07 00:00:00,1143,96.53252538069653,15.438001962866975,4.4653471313424795,473.3823564594873,No Maintenance,1
2023-01-07 02:00:00,1143,94.86636198505472,74.00341736637567,4.623885548154974,201.14155109930448,Routine Check,0
2023-01-07 04:00:00,1143,110.37197397459335,93.15812958699476,1.7219799294115163,403.1296430763562,Part Replacement,1
2023-01-07 06:00:00,1143,28.342243544201857,75.38873955788179,3.2339541190585743,100.02947977324243,Part Replacement,0
2023-01-07 08:00:00,1143,75.21924699224066,30.045491433237153,2.8696281296921113,201.6960356718399,No Maintenance,0
2023-01-07 10:00:00,1143,78.44760689557688,56.09904083133399,2.920756006183561,399.640242659888,No Maintenance,1
2023-01-07 12:00:00,1143,116.19363785472291,26.92686152349065,4.71948392284053,312.9344283589289,Part Replacement,1
2023-01-07 14:00:00,1143,49.214752679254886,45.51459865886873,1.8733491621186305,145.98085985484596,No Maintenance,1
2023-01-07 16:00:00,1143,44.08287799154468,94.65494856494401,4.925452902055593,257.4518983349101,Routine Check,0
2023-01-07 18:00:00,1143,30.029394226549783,93.48095114249021,4.559590466619045,250.21974203381703,Part Replacement,0
2023-01-07 20:00:00,1143,21.64296295914742,39.04113243496705,2.564252998760762,327.2648976723799,Part Replacement,0
2023-01-07 22:00:00,1143,112.95293167921905,43.86863875412693,4.178539686281748,367.1908289840871,Routine Check,1
2023-01-08 00:00:00,1143,86.99165465909101,66.01809379115998,3.9607114744406324,436.3320969649,Part Replacement,1
2023-01-08 02:00:00,1143,98.51529120231378,96.8717700971323,3.5505273632833454,298.892558790949,Part Replacement,1
2023-01-08 04:00:00,1143,48.17301057539491,27.563113395558187,1.9392525022241942,256.80868692206803,Routine Check,0
2023-01-08 06:00:00,1143,78.64101661863268,36.83791471336687,1.3840294631942927,157.59061363815266,No Maintenance,1
2023-01-08 08:00:00,1143,26.395526612098113,89.25233031971557,3.521874635445912,421.92918599588893,Part Replacement,0
2023-01-08 10:00:00,1143,68.56275959346229,56.81083969520928,4.293379833804879,385.34816216582396,Routine Check,1
2023-01-08 12:00:00,1143,117.74951397444468,91.4116928392977,0.5731375490481636,263.4709589818741,Routine Check,0
2023-01-08 14:00:00,1143,107.65052453165907,30.769021289469983,3.3926151888883043,307.3729239770678,No Maintenance,1
2023-01-08 16:00:00,1143,53.81589518368456,60.276829935065656,2.492928610799956,366.07313776475553,No Maintenance,1
2023-01-08 18:00:00,1143,116.15701545414986,42.73291877519665,4.5413948980714265,165.9222359390151,Part Replacement,0
2023-01-08 20:00:00,1143,43.17016264712045,41.90611759086046,1.9466281888439236,110.8791177631681,Routine Check,1
2023-01-08 22:00:00,1143,114.93188224156815,52.984541935426925,2.633831655186298,227.00147967467416,Part Replacement,1
2023-01-09 00:00:00,1143,114.13777047064985,51.811583173607815,2.8164519681583386,338.23400785446523,Routine Check,0
2023-01-09 02:00:00,1143,99.92025873523917,45.374484772626126,1.1319778461697383,294.64243651258346,Routine Check,0
2023-01-09 04:00:00,1143,83.04479368667911,92.77251547682758,3.7080153621450784,377.02185074525084,Part Replacement,0
2023-01-09 06:00:00,1143,107.4287966624947,77.19825576179588,4.237143553044318,427.8759222298141,Part Replacement,0
2023-01-09 08:00:00,1143,49.30202845077967,76.84149426318002,0.760591746033171,295.37698669211034,Routine Check,1
2023-01-09 10:00:00,1143,104.89435553129182,39.64264321531621,1.8112496924160624,153.70680948712993,Routine Check,1
2023-01-09 12:00:00,1143,81.78766919175237,64.10530106693143,0.6712010669077606,440.2511999195863,Part Replacement,1
2023-01-09 14:00:00,1143,21.32368577588995,81.23025183065589,4.804448471097091,329.9961309096458,No Maintenance,1
2023-01-09 16:00:00,1143,54.72335179322196,82.6251813261731,3.502259693167206,395.9749923131483,Routine Check,0
2023-01-09 18:00:00,1143,34.8140860948165,44.28508916411654,4.838901887546517,381.86586144331665,No Maintenance,0
2023-01-09 20:00:00,1143,118.18293898182532,80.52418430833507,2.891724252490885,487.28470853249667,Part Replacement,1
2023-01-09 22:00:00,1143,67.8370307039988,77.5509812286573,4.109308357530263,218.12292893432556,No Maintenance,0
2023-01-10 00:00:00,1143,69.73913654986626,27.028051277861522,2.18486292745883,382.1227091117048,No Maintenance,1
2023-01-10 02:00:00,1143,83.94725163987236,88.60536482815057,2.092185646576884,246.27053325036732,Routine Check,1
2023-01-10 04:00:00,1143,56.85846061296175,52.51232496533492,2.202205176973097,258.1642883674567,Routine Check,1
2023-01-10 06:00:00,1143,33.690027168559894,56.344888155536566,3.460379601768927,192.23785466348858,No Maintenance,1
2023-01-10 08:00:00,1143,102.21177331942455,53.11138020632977,2.117539179597435,237.60407026034156,Routine Check,1
2023-01-10 10:00:00,1143,38.9847911902758,63.26691012558814,4.5516535322190155,479.31870066330526,No Maintenance,1
2023-01-10 12:00:00,1143,71.1318982546456,67.79938602619964,4.924736892725699,217.02833877904038,No Maintenance,1
2023-01-10 14:00:00,1143,42.431702897473926,57.34526308985019,0.6369193190165265,198.39624238263468,Part Replacement,0
2023-01-10 16:00:00,1143,29.784448449403406,88.67702617702312,1.3713048068112341,333.2551913895288,No Maintenance,1
2023-01-10 18:00:00,1143,106.21915174216834,68.35745427659917,1.005124966643237,203.21438269670185,Part Replacement,1
2023-01-10 20:00:00,1143,117.29194890231302,49.121375690969195,0.6906382119114947,289.35429023771803,Routine Check,0
2023-01-10 22:00:00,1143,116.08346580630001,50.41879933724043,1.5248344700627892,433.6705026224948,No Maintenance,0
2023-01-01 00:00:00,1660,110.6555499221179,83.92128228596087,2.510569941660865,192.16012572287022,Part Replacement,0
2023-01-01 02:00:00,1660,97.40473326986388,44.59631513345421,4.266456643799077,270.67656487356805,Part Replacement,0
2023-01-01 04:00:00,1660,53.31451520286419,32.973657641505156,1.4982081372949825,344.1958940080128,Part Replacement,1
2023-01-01 06:00:00,1660,28.110138998799677,20.047570980492086,2.7227536504799055,318.25156982939416,No Maintenance,0
2023-01-01 08:00:00,1660,60.72411714138073,89.4622820732488,4.683284327510395,489.8892949660949,Routine Check,0
2023-01-01 10:00:00,1660,43.22341421709427,93.07644835117975,3.502466180540037,372.14810175807804,No Maintenance,0
2023-01-01 12:00:00,1660,33.2487634757983,25.21021548389546,4.091355588901989,395.97849681937595,Routine Check,1
2023-01-01 14:00:00,1660,25.342718178682524,43.43026802716976,2.979472865834688,486.7823791866933,Part Replacement,1
2023-01-01 16:00:00,1660,92.55943642105788,29.90662590879573,4.912099064782835,265.77521009140844,No Maintenance,1
2023-01-01 18:00:00,1660,21.1427458625031,24.851369850199777,3.148979696066634,242.15192602442048,Part Replacement,0
2023-01-01 20:00:00,1660,97.05807485027762,91.48867315500257,0.7047982128316619,117.54497190655302,Routine Check,1
2023-01-01 22:00:00,1660,34.69466454003751,19.834567027355213,1.3909225997290768,173.68172260753084,Part Replacement,1
2023-01-02 00:00:00,1660,27.952208258675576,98.34128139486558,2.321481330307166,194.87585282067033,Part Replacement,0
2023-01-02 02:00:00,1660,28.960303423860537,23.198323159277656,3.2057472765819934,173.4017868285354,Routine Check,0
2023-01-02 04:00:00,1660,87.20478073539144,88.39500518145479,3.9736889033403195,401.9135572786258,Routine Check,0
2023-01-02 06:00:00,1660,44.536720985284475,63.15301909407883,2.358887566567488,314.35319251044467,Part Replacement,0
2023-01-02 08:00:00,1660,62.05394666800984,46.272986464519235,3.695262372570599,367.0535205833869,Routine Check,0
2023-01-02 10:00:00,1660,75.73687913239169,44.09910201313842,4.0544127639910625,428.18486433574947,No Maintenance,0
2023-01-02 12:00:00,1660,106.05511738287937,79.37595217520524,1.9276708876249224,192.30957651435787,No Maintenance,0
2023-01-02 14:00:00,1660,92.70442627113283,41.738730075364415,4.906716080161184,230.36957592859966,Routine Check,0
2023-01-02 16:00:00,1660,47.03279052387146,70.87210791245705,3.42345422856126,383.34410681463874,No Maintenance,1
2023-01-02 18:00:00,1660,33.14827992911276,58.97271709886681,4.464491273537591,257.1035783617891,Part Replacement,1
2023-01-02 20:00:00,1660,25.537432042119796,56.222079838435995,3.0017195996387303,111.70837604041766,Routine Check,0
2023-01-02 22:00:00,1660,50.15986344809425,91.59878450517874,3.8372139821854567,273.9820876107512,No Maintenance,0
2023-01-03 00:00:00,1660,46.21181492396782,62.144829982722065,3.967448277273644,463.3092345661657,Routine Check,1
2023-01-03 02:00:00,1660,65.61405668004797,85.28323625913907,4.587117706555605,263.6086046371499,No Maintenance,0
2023-01-03 04:00:00,1660,88.32813355476804,76.6737503986266,1.1765739059211664,232.8995665770988,Routine Check,0
2023-01-03 06:00:00,1660,89.56254456388572,18.27736591501486,3.012275408761618,495.8100331780109,Part Replacement,0
2023-01-03 08:00:00,1660,48.35188465821666,80.71435446296063,2.427703308976353,357.76622569480526,Part Replacement,0
2023-01-03 10:00:00,1660,57.99269559001205,33.433971257738456,4.654215595281832,246.39921058847233,Routine Check,1
2023-01-03 12:00:00,1660,38.115096173690304,91.76771998238358,0.9729261241204964,140.80781254552295,No Maintenance,0
2023-01-03 14:00:00,1660,98.85455123065186,18.648556201750722,4.921582499064107,415.1397779785685,No Maintenance,1
2023-01-03 16:00:00,1660,25.684807643324028,43.3111229303171,4.439530958419834,383.22997339510306,Routine Check,0
2023-01-03 18:00:00,1660,89.69972417249873,23.47730051495409,0.8322182670391184,468.766319699426,No Maintenance,1
2023-01-03 20:00:00,1660,97.86953959411034,55.425074952211716,2.709348734932135,186.91025201120334,No Maintenance,1
2023-01-03 22:00:00,1660,97.74075618487531,84.7019070489289,3.7290177509563667,145.9697399952928,Routine Check,0
2023-01-04 00:00:00,1660,45.942256434535494,40.345925571360446,3.821681955609754,389.62901056362546,No Maintenance,1
2023-01-04 02:00:00,1660,57.38131379325614,27.829466271438534,4.579223563570643,181.35833679947825,Part Replacement,1
2023-01-04 04:00:00,1660,78.7599635196389,43.07269803423643,4.099394460120399,170.44153511579844,No Maintenance,1
2023-01-04 06:00:00,1660,47.2821902424467,84.17981206325406,1.8991867115484027,227.92293415842883,Routine Check,1
2023-01-04 08:00:00,1660,57.085279921788874,26.932636412944483,2.7429565363810355,426.73005659137505,Routine Check,1
2023-01-04 10:00:00,1660,39.705428018563964,34.32580817158765,3.6580359332113432,315.8146420438523,Routine Check,0
2023-01-04 12:00:00,1660,65.98558837560074,20.852416981936784,1.1229657861395814,118.34014204091238,Part Replacement,0
2023-01-04 14:00:00,1660,24.461230125411408,74.98535373911665,1.372958589200888,285.55786986372686,No Maintenance,1
2023-01-04 16:00:00,1660,99.9795884570618,48.59482570058863,2.6646910164944266,373.5918445465901,Routine Check,1
2023-01-04 18:00:00,1660,27.695644698663273,41.42139805718186,1.8421060941748073,315.3473753876063,Routine Check,1
2023-01-04 20:00:00,1660,71.8835148831526,76.08324317899792,4.381516624028427,328.9800872626224,Routine Check,0
2023-01-04 22:00:00,1660,50.68100995451961,43.55809109892169,3.138247946842781,189.91093135706586,No Maintenance,0
2023-01-05 00:00:00,1660,77.75429488313755,76.86055822322552,2.0689933897326545,439.0957326381392,No Maintenance,0
2023-01-05 02:00:00,1660,115.9433340833425,84.29194860171665,4.319748615219845,324.5594870364497,No Maintenance,1
2023-01-05 04:00:00,1660,84.55702444560039,33.50134169390777,4.121953018494075,385.2984052162706,No Maintenance,1
2023-01-05 06:00:00,1660,23.536243575549094,97.77458923190858,4.992596946946713,492.745686805321,No Maintenance,0
2023-01-05 08:00:00,1660,63.04024395080612,28.80042557257668,4.312884597501807,271.2794630698129,No Maintenance,0
2023-01-05 10:00:00,1660,71.00168523182502,39.721477065823116,2.3650544066255588,452.4266450706034,Routine Check,1
2023-01-05 12:00:00,1660,73.6177494703452,30.28259972085104,1.0737449679649482,102.91240557645,Part Replacement,0
2023-01-05 14:00:00,1660,88.13925106038378,44.36798079028843,4.2828840869021505,113.36291704604804,Routine Check,0
2023-01-05 16:00:00,1660,47.75960977317661,55.805175464764226,0.7689106308217729,336.1119686915268,Part Replacement,0
2023-01-05 18:00:00,1660,32.88605654663202,59.38494886518012,2.076220433051844,224.57975821688024,Routine Check,1
2023-01-05 20:00:00,1660,59.26756765470943,87.55651359518312,4.638820913470732,199.3106268078801,Routine Check,0
2023-01-05 22:00:00,1660,115.64057227959488,90.60307224934866,4.823449130502953,211.17414288358344,Part Replacement,0
2023-01-06 00:00:00,1660,38.71308917508448,33.708828166377046,3.382540670845483,227.36117384423503,Routine Check,1
2023-01-06 02:00:00,1660,110.3983954928237,67.94599273578896,3.598917426426711,391.5790784573692,Part Replacement,0
2023-01-06 04:00:00,1660,74.38059500773264,24.477164870390823,0.6910451992648512,327.6783888923778,Part Replacement,1
2023-01-06 06:00:00,1660,65.69114216457658,54.01243811547581,2.8151615349029653,415.6143890237334,Part Replacement,1
2023-01-06 08:00:00,1660,108.20414102298896,42.398350733962545,2.9609068046285354,432.0786319340208,Routine Check,1
2023-01-06 10:00:00,1660,65.86039617685859,41.902563363556546,2.0304533575584998,437.17394372051285,No Maintenance,1
2023-01-06 12:00:00,1660,92.41676366115432,56.01966054552859,0.8086857563924795,265.857659669955,Routine Check,0
2023-01-06 14:00:00,1660,59.9025321703102,77.03534901998773,1.530084198759773,268.5093585265643,Routine Check,0
2023-01-06 16:00:00,1660,110.40443929009577,20.880525997353107,2.1109277158753836,470.5063520562336,Part Replacement,0
2023-01-06 18:00:00,1660,89.00250201912273,89.72973370342937,2.4581389393234834,364.7054378417642,Part Replacement,1
2023-01-06 20:00:00,1660,89.96220542505168,77.45917084359769,3.159170264901061,132.1868735916555,No Maintenance,0
2023-01-06 22:00:00,1660,52.77204015571189,30.002448055570113,3.7507618341420637,316.87478163698734,Part Replacement,1
2023-01-07 00:00:00,1660,95.67786427368893,94.82867727242648,1.9293434297327576,242.40290385396278,No Maintenance,0
2023-01-07 02:00:00,1660,83.60610554471413,58.03653904198803,1.980291919635424,494.97399588654525,Routine Check,1
2023-01-07 04:00:00,1660,44.00202733797096,99.98372913994206,0.5886123922566667,105.46216258491702,Part Replacement,1
2023-01-07 06:00:00,1660,36.05388224852564,31.7670553155627,0.6839368704230824,344.87234922822324,Routine Check,1
2023-01-07 08:00:00,1660,99.63914745173317,60.467196862572116,1.6601976243884138,389.4492377595432,No Maintenance,0
2023-01-07 10:00:00,1660,115.91666030352225,39.671083617593915,3.831102489537305,215.5627085429421,No Maintenance,1
2023-01-07 12:00:00,1660,65.8138827260043,40.85475237808596,3.327412236682605,489.45660730261284,No Maintenance,1
2023-01-07 14:00:00,1660,79.09841653236849,65.24055737088916,3.9640505930502563,443.8146508086845,Routine Check,0
2023-01-07 16:00:00,1660,105.77226441935547,93.34612068402083,3.960137462966698,466.261136394325,No Maintenance,1
2023-01-07 18:00:00,1660,65.72234533538571,83.44742772422988,4.354553604511856,107.69282374061939,No Maintenance,1
2023-01-07 20:00:00,1660,115.18744768327362,76.53501887261271,3.7414366969409762,327.9488605259236,Routine Check,0
2023-01-07 22:00:00,1660,77.57511620448724,62.52977147864469,4.905549135503703,217.8600967818187,Routine Check,1
2023-01-08 00:00:00,1660,102.07671207013149,93.39537281173305,4.544713486858178,439.6114539742652,No Maintenance,0
2023-01-08 02:00:00,1660,110.88437184127383,56.850719568725154,3.140227248004554,353.13986276598496,Part Replacement,1
2023-01-08 04:00:00,1660,101.55238187685688,89.27573515845104,3.146709517210273,315.5508017284439,No Maintenance,0
2023-01-08 06:00:00,1660,35.941446344895596,85.8884397295137,0.6542016815850327,145.83526787024226,Part Replacement,1
2023-01-08 08:00:00,1660,82.88984390617004,33.17600447813486,4.993369599687594,316.0891219144763,Routine Check,0
2023-01-08 10:00:00,1660,59.84342586196771,80.55416435210236,1.092091988147638,352.7616585425707,Routine Check,1
2023-01-08 12:00:00,1660,26.27129520233457,16.034548340176997,3.831562384842164,482.3649237240818,Routine Check,1
2023-01-08 14:00:00,1660,62.403225188984194,42.440510691587434,4.19456837805939,334.0204041695478,Routine Check,1
2023-01-08 16:00:00,1660,45.868406688940766,34.513232798815736,2.1787453818734144,486.96024069826177,Routine Check,0
2023-01-08 18:00:00,1660,104.90383084285108,58.08335147142164,1.385834245993912,484.64244624266485,Routine Check,1
2023-01-08 20:00:00,1660,23.33046265466962,77.63251874286678,0.9444194905574976,360.080134333439,Routine Check,0
2023-01-08 22:00:00,1660,115.89827218634736,23.30249123305655,3.8687270262331,302.36319364723545,Part Replacement,0
2023-01-09 00:00:00,1660,55.536884847192965,58.76838716462532,2.5369408814256307,286.4086975304198,No Maintenance,0
2023-01-09 02:00:00,1660,55.67068904025429,94.76502184402278,3.7117299155051104,456.15142444631306,No Maintenance,1
2023-01-09 04:00:00,1660,21.632850268370788,34.43495683355037,4.619334419833103,111.3026731887027,Routine Check,1
2023-01-09 06:00:00,1660,38.52323252361839,72.55699724947105,1.159626812679755,145.5232792094286,Routine Check,1
2023-01-09 08:00:00,1660,60.12595008036087,65.39482301639839,4.636269503257099,140.82869164766075,Routine Check,0
2023-01-09 10:00:00,1660,112.9291417302714,15.855414130767933,2.352319067787965,402.7741300484219,No Maintenance,1
2023-01-09 12:00:00,1660,29.961493022127133,55.44522664786393,1.8737015445378007,235.8604095410139,Part Replacement,0
2023-01-09 14:00:00,1660,114.53015334790796,75.24548322998913,4.743780172712506,355.1874178962804,Part Replacement,0
2023-01-09 16:00:00,1660,106.94885305466322,18.737911722047702,4.957932616728797,341.51316153702624,Part Replacement,1
2023-01-09 18:00:00,1660,65.41623969075518,89.75932605701706,1.3950149799535168,254.33118789701265,No Maintenance,0
2023-01-09 20:00:00,1660,52.670088176826006,59.20692041403221,3.4557725612839247,312.62708889695944,Part Replacement,0
2023-01-09 22:00:00,1660,43.274412927905686,17.606189107686024,0.9792289119697717,358.05541342866405,Routine Check,0
2023-01-10 00:00:00,1660,81.44647064768743,34.075157013271415,3.429113017358776,476.38013195125535,Routine Check,1
2023-01-10 02:00:00,1660,23.307459147550563,96.0624341963216,4.222909524991324,330.25362914439256,No Maintenance,0
2023-01-10 04:00:00,1660,21.560606444682822,64.4971773094247,3.580243459358304,345.7470047073257,Part Replacement,1
2023-01-10 06:00:00,1660,62.87957224982378,24.135168260348387,2.377999139281681,127.14232708151019,No Maintenance,0
2023-01-10 08:00:00,1660,26.80740739747202,39.441282693847725,2.223798618036963,480.8863259040448,No Maintenance,0
2023-01-10 10:00:00,1660,45.19409882460929,53.81980819814115,2.269050868505377,311.2327711637545,Part Replacement,1
2023-01-10 12:00:00,1660,42.11609153460839,16.78075588775709,3.1537031809681544,420.50936794396875,Part Replacement,0
2023-01-10 14:00:00,1660,45.31911937228519,49.987318657169496,4.46705271532623,120.11642525895563,Routine Check,0
2023-01-10 16:00:00,1660,33.10552312152578,56.60398401194934,4.680797707709456,268.3640542948364,Part Replacement,1
2023-01-10 18:00:00,1660,21.203622289765427,35.712619398904735,0.7408832909329315,202.79018366108062,Part Replacement,1
2023-01-10 20:00:00,1660,31.54842971387481,65.03431502481885,1.3173007759055975,206.790359475436,Routine Check,0
2023-01-10 22:00:00,1660,81.84802595127479,79.02541016533503,1.0050094212272982,416.5814919843718,Routine Check,0
2023-01-01 00:00:00,1227,117.42562128180504,35.04590904897901,1.3700058834511128,349.5466901075414,Routine Check,0
2023-01-01 02:00:00,1227,119.0345001560894,67.74249152379895,2.0597351477412733,275.89812473713926,Routine Check,0
2023-01-01 04:00:00,1227,60.905409537306156,69.36789065191803,2.7793925718018073,104.23429583455737,Part Replacement,0
2023-01-01 06:00:00,1227,36.295442604660536,95.62592559595149,3.3325755215411847,485.9711771782119,No Maintenance,0
2023-01-01 08:00:00,1227,83.87617573665293,81.15347422019772,3.7946399861286566,484.80930134228953,No Maintenance,1
2023-01-01 10:00:00,1227,69.03053465487372,87.10934793215051,4.505501936236132,187.02088411201538,No Maintenance,0
2023-01-01 12:00:00,1227,118.94097772844314,56.685692217083385,4.9508979675340585,116.53854892662267,Routine Check,1
2023-01-01 14:00:00,1227,26.53042071517802,30.75462989324754,3.482854153507039,312.0797452047609,Part Replacement,1
2023-01-01 16:00:00,1227,98.32344383138131,99.64429990156897,4.304140334004933,480.564325846563,No Maintenance,0
2023-01-01 18:00:00,1227,48.83984973314939,25.995239688289466,4.001174811161145,464.158338305974,Part Replacement,1
2023-01-01 20:00:00,1227,44.1418620076574,55.07387214511256,1.8838941764842039,333.86514555575866,Part Replacement,0
2023-01-01 22:00:00,1227,86.25045715326759,20.78791343557906,4.440615216057154,221.41954026148287,Routine Check,1
2023-01-02 00:00:00,1227,44.606318499096446,95.22732287481966,0.6924341207650948,231.98435350767838,Routine Check,0
2023-01-02 02:00:00,1227,86.58591175591877,97.01861997211736,0.5016530468815603,459.16542059441105,Part Replacement,0
2023-01-02 04:00:00,1227,71.73085172022888,76.14807027033775,1.731796832248089,296.7136142542308,Part Replacement,1
2023-01-02 06:00:00,1227,62.40889884358493,44.74939170856436,2.5794388833235242,152.44649158685823,Part Replacement,1
2023-01-02 08:00:00,1227,75.4687808661419,36.622504094998064,3.372633027503048,199.37019038944294,Part Replacement,0
2023-01-02 10:00:00,1227,48.70515199196298,37.55078258564903,0.9579661994504516,210.71796058699962,Part Replacement,1
2023-01-02 12:00:00,1227,90.6574706272979,25.819992160706352,3.52854560225678,149.41867397276374,Part Replacement,0
2023-01-02 14:00:00,1227,61.485686933356405,59.693761011521445,4.108171401768626,285.21775260851655,Routine Check,0
2023-01-02 16:00:00,1227,56.05455604858923,27.05446843462559,1.3339081381071507,466.4203633099964,Part Replacement,1
2023-01-02 18:00:00,1227,102.86569145557378,41.922106657043784,2.3680636467430722,367.51301719690434,Part Replacement,1
2023-01-02 20:00:00,1227,112.49669119531922,68.27005045652392,2.839932454789894,128.98956969954244,No Maintenance,0
2023-01-02 22:00:00,1227,24.60073108872969,76.84120681521374,2.5331315813801627,102.1979271236651,No Maintenance,0
2023-01-03 00:00:00,1227,43.262699282976556,17.063179892875205,4.099234688998118,210.49906698770172,No Maintenance,0
2023-01-03 02:00:00,1227,54.85193694925633,51.55985867202289,4.822350791536989,245.07717391757615,Routine Check,0
2023-01-03 04:00:00,1227,101.49664793702473,70.43059056158182,4.09528923803681,410.6998676187103,Part Replacement,0
2023-01-03 06:00:00,1227,118.54914276432976,87.5259079734736,0.8509676804412105,486.80220957214664,Routine Check,0
2023-01-03 08:00:00,1227,116.89717046703518,55.402606488027004,4.122210074716072,255.02686936941745,Part Replacement,0
2023-01-03 10:00:00,1227,110.49483455499269,97.38249909600324,0.7996834950599803,374.6760119267444,Routine Check,1
2023-01-03 12:00:00,1227,49.65562650640299,37.578766541023015,1.561866733587065,497.9607629411853,Routine Check,0
2023-01-03 14:00:00,1227,119.20112434144741,16.148240063271103,1.1889360357607526,398.26663355000574,Routine Check,0
2023-01-03 16:00:00,1227,44.942004105645125,56.11899349964757,1.3888359808073845,354.47581963433777,Routine Check,0
2023-01-03 18:00:00,1227,30.59061548822322,36.769672576701524,2.8774180717580777,131.2299416713217,No Maintenance,0
2023-01-03 20:00:00,1227,115.09526110553941,85.0160021219694,3.5226043592488416,229.28608047789209,Routine Check,1
2023-01-03 22:00:00,1227,43.34202554680963,34.78567713539452,2.6164457705121844,465.3568633828628,Routine Check,0
2023-01-04 00:00:00,1227,88.97682650777504,41.40348355476104,4.818630375631596,180.40219267236228,Part Replacement,1
2023-01-04 02:00:00,1227,25.835635898058868,82.25433163662454,1.5813154401357499,437.4361437092833,Part Replacement,1
2023-01-04 04:00:00,1227,93.07090991274762,75.7871764221556,3.9341310361465682,378.5294740322022,No Maintenance,1
2023-01-04 06:00:00,1227,108.17202123338397,62.43435511586731,4.415819803282169,246.52974833230186,Routine Check,1
2023-01-04 08:00:00,1227,47.24368954659625,74.92058526343456,3.029297498396236,311.6697078850626,Part Replacement,1
2023-01-04 10:00:00,1227,57.90568960774286,50.58413340345225,2.5530012588269893,317.1225875011254,Routine Check,1
2023-01-04 12:00:00,1227,57.42961833209161,15.451354047246763,3.1828300105065965,385.62151402955453,Routine Check,1
2023-01-04 14:00:00,1227,94.8788257540133,15.965185923536367,2.429643965721543,306.6223764396784,Routine Check,1
2023-01-04 16:00:00,1227,43.780724253903884,58.45385194376336,2.998372470455162,153.2303960736665,Part Replacement,1
2023-01-04 18:00:00,1227,37.1853099047643,22.079733276114936,2.376202784579607,409.38186860876505,Part Replacement,0
2023-01-04 20:00:00,1227,64.92916486877381,19.341415814386828,2.302113696323603,262.5089987624475,Routine Check,0
2023-01-04 22:00:00,1227,50.44684073773195,97.06891432668523,3.629059106627884,485.2375560847709,Routine Check,1
2023-01-05 00:00:00,1227,103.91891222586524,88.01522437093497,0.9178304588058558,213.40551291721374,Routine Check,1
2023-01-05 02:00:00,1227,43.77418260156388,27.92231431281341,1.2494393272796938,205.23151211863384,Part Replacement,1
2023-01-05 04:00:00,1227,70.23894574892614,15.056458580167382,4.330393122717518,233.40295827007304,Routine Check,0
2023-01-05 06:00:00,1227,114.25835996979303,95.04176260812929,3.969848060668346,328.9268063834502,No Maintenance,0
2023-01-05 08:00:00,1227,83.39976977446608,38.65765035720972,1.7665417728247719,457.9478960803929,Routine Check,1
2023-01-05 10:00:00,1227,106.72894054624648,30.801296242717285,2.1977101969959207,170.51265605600594,No Maintenance,1
2023-01-05 12:00:00,1227,114.02096893547673,73.77818916568049,4.667119279828162,211.87151903968808,Part Replacement,0
2023-01-05 14:00:00,1227,95.0764861886352,24.256817801512728,4.181347513282375,332.6719372591447,Routine Check,1
2023-01-05 16:00:00,1227,89.95750602247513,37.495215830238024,3.264558349908339,281.73369686460603,Part Replacement,0
2023-01-05 18:00:00,1227,116.79655666042271,97.88304781802395,1.4967058046133097,278.9291549022901,No Maintenance,0
2023-01-05 20:00:00,1227,119.44007896476793,69.35433583029086,0.6991338709187132,428.29370483856263,Part Replacement,1
2023-01-05 22:00:00,1227,65.18216826697596,59.25761227601705,2.440660310788542,469.5513210045445,Part Replacement,0
2023-01-06 00:00:00,1227,27.086977818420834,48.823082260969706,3.5268221266585784,292.5227864279527,Part Replacement,0
2023-01-06 02:00:00,1227,49.279403144051884,80.83258116515717,4.228162207330332,374.9407181789095,Routine Check,0
2023-01-06 04:00:00,1227,35.235470568773046,26.981385504513966,4.337100525840212,420.42348441095754,Part Replacement,0
2023-01-06 06:00:00,1227,61.74863747960118,97.22371317314348,0.6474915558201353,307.3465641548656,No Maintenance,1
2023-01-06 08:00:00,1227,33.1289328473256,88.19545568559187,1.5987066522659572,217.72656358149413,Routine Check,0
2023-01-06 10:00:00,1227,80.4117804020882,67.50084351838568,2.0259256481483137,355.2338390889135,No Maintenance,1
2023-01-06 12:00:00,1227,58.28080591578541,18.647026184217445,1.3492949493172364,334.04364012242365,No Maintenance,0
2023-01-06 14:00:00,1227,109.538588428821,74.5727302030577,4.11338920263727,460.6251278958442,Routine Check,1
2023-01-06 16:00:00,1227,116.77946717985019,92.62916897526587,3.9535959338822413,120.96281470794241,Part Replacement,0
2023-01-06 18:00:00,1227,74.68849016694222,59.58905073568321,2.8257486817143684,464.0525548533867,Part Replacement,0
2023-01-06 20:00:00,1227,47.482356986759655,45.109109855317335,4.92316915098135,313.77281126614383,Part Replacement,0
2023-01-06 22:00:00,1227,79.22304187618369,25.22357432325492,1.1482634349087901,106.27044641996557,Part Replacement,1
2023-01-07 00:00:00,1227,109.67611582244098,79.1665938516933,4.54843266497451,237.88087150711524,Part Replacement,1
2023-01-07 02:00:00,1227,60.67333458357483,90.22685735300352,1.0240846437286226,389.7334255501279,No Maintenance,0
2023-01-07 04:00:00,1227,75.20782766919709,23.521398246447127,1.2343176748135432,295.3732351743332,No Maintenance,1
2023-01-07 06:00:00,1227,47.16527676061459,79.51368715394906,3.6329864011277846,492.063614976397,Routine Check,0
2023-01-07 08:00:00,1227,65.5444149450027,16.45014133202329,0.9930636141876019,269.0440295324194,Part Replacement,0
2023-01-07 10:00:00,1227,60.17135353795987,97.19966803656366,3.0463029293841988,230.65409185040312,Part Replacement,0
2023-01-07 12:00:00,1227,44.8413465082971,67.27993175398318,2.391050914126941,428.66877377182726,Part Replacement,0
2023-01-07 14:00:00,1227,70.58663838253084,61.95732001428882,3.778132844934567,319.16267974321255,No Maintenance,1
2023-01-07 16:00:00,1227,51.038082597981145,40.155735855058865,4.553038574639893,372.9306316250236,Routine Check,0
2023-01-07 18:00:00,1227,57.303486388074745,93.9897920834316,3.964421816010749,422.280935215471,Part Replacement,1
2023-01-07 20:00:00,1227,72.49704422542644,37.601978323627236,4.323604443895348,368.5710184502481,Routine Check,0
2023-01-07 22:00:00,1227,95.05950229289876,85.39246212341907,0.6482545183905457,268.9629979074658,No Maintenance,0
2023-01-08 00:00:00,1227,53.35074657912753,98.73423774365622,1.895879742098914,149.91857915772027,Part Replacement,1
2023-01-08 02:00:00,1227,112.41587666207636,81.5887148687585,2.8194488900884958,332.09926662852024,No Maintenance,1
2023-01-08 04:00:00,1227,106.23185468359024,59.1141432328467,2.3717899158340074,458.97333069170384,Part Replacement,1
2023-01-08 06:00:00,1227,24.869029597552853,20.616312427392113,1.540647288408598,267.556970607366,Routine Check,0
2023-01-08 08:00:00,1227,45.36425242568228,55.15517207954121,1.8854334408201048,464.2900939371362,Part Replacement,0
2023-01-08 10:00:00,1227,64.6135512659202,52.2517554925948,4.754439366762226,301.4111279129608,Part Replacement,0
2023-01-08 12:00:00,1227,30.46278887424741,32.2376635008946,1.823813959421082,348.3366249769906,No Maintenance,1
2023-01-08 14:00:00,1227,54.847598903349706,51.00494912071588,2.0925684958090356,433.19539042225716,Routine Check,0
2023-01-08 16:00:00,1227,94.00975256176825,45.40942014682879,0.5166939818750841,325.8388438562886,Routine Check,1
2023-01-08 18:00:00,1227,88.05144811428259,28.91316219789012,4.302849322750435,136.3877357182254,Part Replacement,0
2023-01-08 20:00:00,1227,82.23844285660049,52.51680218326132,1.1967831653070948,492.391760320158,No Maintenance,1
2023-01-08 22:00:00,1227,91.05284027223456,37.33799628758157,1.4186492398117672,198.3397207651335,Part Replacement,0
2023-01-09 00:00:00,1227,40.49236869597017,59.37530575799247,1.648690326914115,384.2021314520794,No Maintenance,0
2023-01-09 02:00:00,1227,54.169811486473215,17.988605075876507,4.4807992558017915,302.04537544709547,Part Replacement,1
2023-01-09 04:00:00,1227,87.62424822774629,92.02967068191916,1.4290313506084162,291.50905472708325,Part Replacement,0
2023-01-09 06:00:00,1227,107.9234763031327,84.39096596918776,4.0888686239057295,197.57632754675657,No Maintenance,0
2023-01-09 08:00:00,1227,74.36780538280952,61.96941326339289,4.13622203145307,388.86030628004164,Part Replacement,1
2023-01-09 10:00:00,1227,48.26996509455366,87.40372953436567,4.671592559538781,145.1153059323949,Routine Check,0
2023-01-09 12:00:00,1227,23.023525800598257,96.80358127391804,1.020025911201413,496.18132374459407,Routine Check,1
2023-01-09 14:00:00,1227,91.03368289742133,24.394394994476148,1.477755375520241,438.1494148428815,No Maintenance,1
2023-01-09 16:00:00,1227,20.78841035084404,68.62070371483333,3.843042314363246,313.80357600231685,No Maintenance,0
2023-01-09 18:00:00,1227,57.267906982099554,99.82949007953098,1.3820033942633256,269.8211824232038,Part Replacement,0
2023-01-09 20:00:00,1227,73.05372145627818,98.97057939334972,1.7884829609305206,214.58585298394706,Part Replacement,1
2023-01-09 22:00:00,1227,112.21114617671931,66.2824543447133,1.2503371105011318,300.63658837630703,Routine Check,1
2023-01-10 00:00:00,1227,28.94945450329001,25.881773988319416,1.2771350876977219,451.76698480966724,No Maintenance,0
2023-01-10 02:00:00,1227,60.59423219682837,64.5713906341949,2.6669900958269257,210.00256028027343,No Maintenance,0
2023-01-10 04:00:00,1227,22.43131997101578,15.175494023825845,0.9935737795083134,300.21498352125434,Routine Check,0
2023-01-10 06:00:00,1227,54.26109843415903,31.907463446683067,1.9476392830862999,193.81996082681235,No Maintenance,1
2023-01-10 08:00:00,1227,82.22310588397949,96.27046856259659,2.4196725931949556,234.8596454659806,Part Replacement,1
2023-01-10 10:00:00,1227,47.90679482285984,43.08744867124173,0.6104665243578992,176.10420356933298,No Maintenance,1
2023-01-10 12:00:00,1227,40.97499496556351,69.26315899104063,2.2474992491350365,496.21567756847514,No Maintenance,0
2023-01-10 14:00:00,1227,31.570323332709364,38.87305704374063,0.9235509623848264,328.5989785849822,Part Replacement,1
2023-01-10 16:00:00,1227,77.71402440203418,95.56486040448512,2.7211033901577952,393.1260496146782,Part Replacement,0
2023-01-10 18:00:00,1227,89.5270005904686,76.92749204570637,4.215821848506934,139.29996538081468,Routine Check,0
2023-01-10 20:00:00,1227,87.19571405958223,43.02034839442007,4.182899729818042,246.4470200297263,Routine Check,0
2023-01-10 22:00:00,1227,114.88610207205073,82.29972080033153,0.8620183199183022,457.0559212189286,Routine Check,0
2023-01-01 00:00:00,1954,20.27032138935027,24.1940695804887,3.205524909535341,133.77533056957915,No Maintenance,1
2023-01-01 02:00:00,1954,84.7196653894036,48.347109905564054,4.255638718870564,166.19329133584526,Part Replacement,0
2023-01-01 04:00:00,1954,80.03922370976396,33.80354085718535,1.5708764432058588,350.16704414046745,No Maintenance,1
2023-01-01 06:00:00,1954,78.87396099702882,73.11674801846394,3.928669301523196,349.1155976416901,Part Replacement,1
2023-01-01 08:00:00,1954,116.27703198402425,23.707933950614084,4.50843955902542,435.29081778157183,Part Replacement,0
2023-01-01 10:00:00,1954,21.68716733700397,48.747195744027294,4.1275586814819984,474.1971055485686,No Maintenance,1
2023-01-01 12:00:00,1954,89.64824307014501,38.51522706778111,0.9828546418197703,156.7945901701055,No Maintenance,1
2023-01-01 14:00:00,1954,101.36786497018635,58.03914814252335,0.5407699978507321,203.74952741079977,No Maintenance,0
2023-01-01 16:00:00,1954,70.9807196621584,44.74130284282971,1.3627584946483053,270.9845622773023,Part Replacement,1
2023-01-01 18:00:00,1954,53.396486959680914,75.04489910169593,1.7171480342598047,100.36131420849985,Part Replacement,0
2023-01-01 20:00:00,1954,99.0840163227405,17.089047066092114,3.2728234577718176,127.92572118387797,No Maintenance,0
2023-01-01 22:00:00,1954,29.724292563242464,68.88888831100215,2.2292292885904326,190.59651117640865,Part Replacement,0
2023-01-02 00:00:00,1954,64.20356377299252,34.5985596239747,3.6653316379766308,292.44078560632465,Part Replacement,1
2023-01-02 02:00:00,1954,71.99523745708382,37.84026744433219,2.0888373223472385,200.60909526744513,No Maintenance,0
2023-01-02 04:00:00,1954,89.39564109345476,83.0217263045995,1.1949144109457013,450.6727568892192,Part Replacement,1
2023-01-02 06:00:00,1954,29.088573203240948,96.22331348833578,1.907104295687158,229.70915021680446,Routine Check,1
2023-01-02 08:00:00,1954,42.7759501537861,41.906767852302366,4.479459018751108,469.84912485705144,No Maintenance,1
2023-01-02 10:00:00,1954,61.030156269012565,85.27844798137143,4.8133955491027915,489.914904293884,Routine Check,1
2023-01-02 12:00:00,1954,82.32946730201306,23.839221227554813,1.4338073033031582,279.9446135630315,Routine Check,0
2023-01-02 14:00:00,1954,108.69607812174175,68.88844050562757,4.048107741609986,190.85152675972944,Routine Check,0
2023-01-02 16:00:00,1954,81.88261682413764,78.8377454604681,1.7300693144294181,216.66645336920132,Routine Check,1
2023-01-02 18:00:00,1954,33.34614709349344,28.258123882928807,4.492091945441334,410.53347266377847,Routine Check,1
2023-01-02 20:00:00,1954,118.05801327872824,51.21020295191265,1.2449552575831495,209.33988311703644,Routine Check,0
2023-01-02 22:00:00,1954,107.17857347554929,90.88010896116343,3.496819634123256,252.23314716811385,No Maintenance,1
2023-01-03 00:00:00,1954,70.27207611453241,23.804169393111636,0.8789506912093213,291.4303433927399,No Maintenance,0
2023-01-03 02:00:00,1954,112.2347981796633,16.538190447125388,4.882519957882413,330.04444658799366,Part Replacement,0
2023-01-03 04:00:00,1954,74.13807937571357,65.19975721907437,3.6528500508824426,498.44017612049527,No Maintenance,1
2023-01-03 06:00:00,1954,112.33060678891631,52.02018094512935,4.288170827322883,192.88390206543693,Routine Check,1
2023-01-03 08:00:00,1954,102.98973686033432,82.88858615513173,3.0500120271336555,241.36948129926753,No Maintenance,0
2023-01-03 10:00:00,1954,116.82864102942973,93.49372074734906,2.645606137679871,205.1564708042044,Routine Check,0
2023-01-03 12:00:00,1954,111.97828107781584,40.42805978622437,3.298470761274643,244.44537465748414,Routine Check,1
2023-01-03 14:00:00,1954,23.603381742856946,48.01434995937395,2.8793368026475163,140.3218067578482,No Maintenance,0
2023-01-03 16:00:00,1954,37.47720041609399,56.33312733799176,2.6122295981531884,243.92390689641888,Routine Check,1
2023-01-03 18:00:00,1954,58.913467710118574,64.99287413700044,3.9175261315593923,455.1460125857554,Routine Check,0
2023-01-03 20:00:00,1954,115.21426972954208,98.62757552293742,1.3019042972267065,219.4359391385796,Routine Check,0
2023-01-03 22:00:00,1954,50.00289194759296,74.27307132055438,1.2702742166982133,248.77391193962754,Routine Check,1
2023-01-04 00:00:00,1954,36.0467643887601,48.111623124373345,2.4432919279236778,477.78966577517383,Routine Check,0
2023-01-04 02:00:00,1954,108.630466608656,37.42025334828928,1.943365622202257,391.35159853074725,No Maintenance,1
2023-01-04 04:00:00,1954,64.63944154832029,95.29318606588055,0.8335603306086085,306.69548592721935,Routine Check,0
2023-01-04 06:00:00,1954,110.78755943543261,26.521616814223044,4.300117215884304,410.87709136137624,No Maintenance,1
2023-01-04 08:00:00,1954,36.02304663201433,76.22259746290443,3.972212630124574,149.27185954180158,No Maintenance,1
2023-01-04 10:00:00,1954,86.11175115080995,93.65857714985745,2.9476467491134315,285.7961412883369,No Maintenance,1
2023-01-04 12:00:00,1954,64.02637528294918,71.49657485542728,4.90696041768966,147.29445149434653,No Maintenance,1
2023-01-04 14:00:00,1954,27.648676903028537,50.9596274141203,0.8267002994642239,193.447258007832,No Maintenance,0
2023-01-04 16:00:00,1954,89.64631446525006,31.91422989366614,3.9500118546254375,156.74690389610345,Routine Check,0
2023-01-04 18:00:00,1954,44.73987555391537,46.235402391413814,1.6986667622409357,244.7204956676557,No Maintenance,0
2023-01-04 20:00:00,1954,23.961552257951773,75.08410380071038,2.158695139746089,252.65572815837035,No Maintenance,0
2023-01-04 22:00:00,1954,25.994429824957326,70.21040905490023,1.486757233413804,478.92343273329635,Part Replacement,0
2023-01-05 00:00:00,1954,26.107853706678732,93.87797416086042,4.050670511578393,205.6502924750117,No Maintenance,0
2023-01-05 02:00:00,1954,110.77329574850394,88.68317766104687,1.1490804590970471,288.97153812660673,No Maintenance,0
2023-01-05 04:00:00,1954,93.9883917829101,84.37281394264132,4.280075139808751,424.5517615853947,Part Replacement,0
2023-01-05 06:00:00,1954,109.80623572137351,92.47332440481479,3.4770994170342524,426.24703457466467,No Maintenance,0
2023-01-05 08:00:00,1954,87.25823112965213,38.4886579826492,0.7656046037110162,400.1372748140081,Routine Check,0
2023-01-05 10:00:00,1954,72.89399290308832,46.40950091187021,4.1494177922006905,215.13350485602916,No Maintenance,0
2023-01-05 12:00:00,1954,50.44463643473783,47.29098182181148,3.3249007227334073,297.9886477645428,Part Replacement,0
2023-01-05 14:00:00,1954,119.79622513286735,62.63830004033132,4.572420438102537,174.48463807468931,No Maintenance,0
2023-01-05 16:00:00,1954,56.21890589393894,71.79854951113553,3.869250378838872,175.35980911312168,Routine Check,0
2023-01-05 18:00:00,1954,67.06489492139096,39.37091805843352,3.0250441734339866,274.33648525532436,No Maintenance,0
2023-01-05 20:00:00,1954,57.824517492346175,16.65430972129053,4.26446231278639,395.4368884971764,Routine Check,1
2023-01-05 22:00:00,1954,117.95269293354586,48.93390261092229,1.7512260723554995,310.63370399913515,Routine Check,0
2023-01-06 00:00:00,1954,37.46583853950058,41.22487656212404,2.9612752783005365,454.6732883389809,Part Replacement,0
2023-01-06 02:00:00,1954,52.798800090807966,95.08570111653407,1.8212756891153457,432.36351911103037,Part Replacement,1
2023-01-06 04:00:00,1954,88.03486660150016,90.5025284462437,4.8569197599072895,112.64217712816222,Routine Check,0
2023-01-06 06:00:00,1954,26.320761833863067,88.12640765919066,1.5178833537890286,327.3676171464864,No Maintenance,0
2023-01-06 08:00:00,1954,80.72493740115411,70.50497968034566,0.5708220785170812,343.66450574225723,Part Replacement,0
2023-01-06 10:00:00,1954,67.76465028764162,44.26457899940981,1.966346789017083,484.6300577200326,Part Replacement,1
2023-01-06 12:00:00,1954,48.399997676210106,61.6521877289409,2.761292286364121,109.29465068354469,Routine Check,0
2023-01-06 14:00:00,1954,43.8413280924058,84.29412846089168,0.6276332040353378,312.44150838745156,Part Replacement,0
2023-01-06 16:00:00,1954,71.45127432987567,23.381881341438937,3.016617350152583,181.91254477434097,No Maintenance,0
2023-01-06 18:00:00,1954,56.792758053704134,83.0913648217009,4.434272487280536,121.46516251663564,Part Replacement,1
2023-01-06 20:00:00,1954,65.65198912626553,18.50028226289034,3.6712948748750156,334.9954098926893,No Maintenance,1
2023-01-06 22:00:00,1954,53.747738176423994,84.39578765322024,3.303357453402369,409.041657453121,Routine Check,0
2023-01-07 00:00:00,1954,117.04936935959776,83.64292335358925,4.80182787818713,409.94617969007516,Routine Check,0
2023-01-07 02:00:00,1954,33.3439431745604,19.335621250444245,4.812257002289476,112.11536406236272,Part Replacement,0
2023-01-07 04:00:00,1954,29.68039531783742,68.30866047425795,4.209199113664528,262.7785601086357,Part Replacement,1
2023-01-07 06:00:00,1954,54.339172879091606,57.708511316596265,3.2348383132363296,117.8038508594482,Routine Check,0
2023-01-07 08:00:00,1954,79.10269008704913,29.43465776959575,2.6949405177396804,199.1354587963079,Part Replacement,1
2023-01-07 10:00:00,1954,85.91764718500282,27.61220970257693,0.559922509609103,177.15228110317935,Part Replacement,1
2023-01-07 12:00:00,1954,59.72567471680421,80.72702571569697,3.2281785780194365,186.07303169686287,No Maintenance,0
2023-01-07 14:00:00,1954,119.92779939221711,63.253883651131744,4.950896339105841,235.64736561381144,Part Replacement,0
2023-01-07 16:00:00,1954,55.18929961930426,98.55492646790526,4.18145472510813,210.9672167343993,Routine Check,1
2023-01-07 18:00:00,1954,92.14066679599524,98.49106106950924,2.032720897479584,484.9119645310393,Routine Check,0
2023-01-07 20:00:00,1954,83.7582694530793,99.37669444446264,1.1842116126998992,240.96284800375284,Routine Check,0
2023-01-07 22:00:00,1954,101.30538632474607,25.0823190610901,4.028263765102194,457.66900611718876,No Maintenance,0
2023-01-08 00:00:00,1954,117.622566345382,94.7517716419368,3.8477201928428366,172.41666860837003,Part Replacement,0
2023-01-08 02:00:00,1954,108.97936564455402,35.78841676674784,4.851710563906954,405.4987468752857,No Maintenance,0
2023-01-08 04:00:00,1954,96.45619743577086,53.94804207948202,4.4367906287270245,124.5382144098571,Routine Check,1
2023-01-08 06:00:00,1954,89.82484778182906,79.3795572448467,3.000481813725833,285.1044917877365,Routine Check,1
2023-01-08 08:00:00,1954,53.54981696758996,32.30777922656472,0.9557791113413396,102.20417609421037,Routine Check,1
2023-01-08 10:00:00,1954,34.768557820670736,63.136486472118044,2.6757529627278203,424.11630522777443,Routine Check,1
2023-01-08 12:00:00,1954,26.263600305980976,30.794423599209637,1.9116277431004265,480.19441441511356,No Maintenance,0
2023-01-08 14:00:00,1954,44.19017042014848,23.90256906790993,2.8058381691117793,114.04294833085827,Routine Check,1
2023-01-08 16:00:00,1954,63.22814811812986,24.907482056515875,1.8576570858784394,473.5385445893258,No Maintenance,0
2023-01-08 18:00:00,1954,72.19962736299826,45.39931796209859,4.378203463890181,409.54155659654117,Part Replacement,0
2023-01-08 20:00:00,1954,97.30835540548716,15.395661131160596,4.299471562922699,243.54463151711815,Part Replacement,1
2023-01-08 22:00:00,1954,115.8740923056593,51.11258330214361,1.9195932072517516,463.5506204891221,Part Replacement,1
2023-01-09 00:00:00,1954,31.732048038481103,71.45675393189767,3.1981160586829773,218.50290850036038,No Maintenance,1
2023-01-09 02:00:00,1954,30.700414019379156,49.143495725339044,2.4358138593757435,263.7181248939048,Part Replacement,1
2023-01-09 04:00:00,1954,78.96947230135507,22.292541044185985,4.5909174066285345,138.68450487680866,Part Replacement,1
2023-01-09 06:00:00,1954,94.5398073947293,20.328553272009447,1.3431240564184526,362.7755847600576,Routine Check,0
2023-01-09 08:00:00,1954,104.81503803469849,38.63990358501324,3.639777808032317,111.84033149690875,Routine Check,1
2023-01-09 10:00:00,1954,113.58320802167886,29.391578696206064,4.866688975267475,293.9621100796149,No Maintenance,0
2023-01-09 12:00:00,1954,118.3426242260642,97.0330727235274,1.288739838033906,373.2767401010135,No Maintenance,0
2023-01-09 14:00:00,1954,59.98016922245259,27.854569122797223,1.4088489279089145,428.49504037964437,Part Replacement,0
2023-01-09 16:00:00,1954,58.03351835275731,83.46430717942471,3.621755024025026,159.97655584866487,Routine Check,1
2023-01-09 18:00:00,1954,34.780867669727236,64.8191750479973,4.006192660362113,401.636146499487,Routine Check,0
2023-01-09 20:00:00,1954,88.49344386835594,63.389388198665024,2.7074707465726973,387.63080942201185,Part Replacement,0
2023-01-09 22:00:00,1954,85.67619584408371,58.52686085352169,3.243589093162046,323.8282136479137,Part Replacement,1
2023-01-10 00:00:00,1954,106.20625958512072,97.59986146968585,1.4570708396532295,333.8578391151456,Part Replacement,0
2023-01-10 02:00:00,1954,29.725799478764063,45.92680588278921,2.6447640285529674,136.50828834271124,No Maintenance,1
2023-01-10 04:00:00,1954,69.77769078253418,81.97283883107949,1.0043234639371181,340.1884172961521,No Maintenance,0
2023-01-10 06:00:00,1954,78.1081929672063,62.199999134691566,1.9463986637404913,252.60888282833292,Routine Check,1
2023-01-10 08:00:00,1954,44.15570400399184,48.62886174818672,1.7815086726392944,447.0323405366588,Routine Check,1
2023-01-10 10:00:00,1954,36.90254061291613,96.21460433099138,2.5008141204608902,225.23955269439608,Routine Check,1
2023-01-10 12:00:00,1954,105.95808364196215,65.8568573959984,4.685568630096636,330.63803094540987,No Maintenance,0
2023-01-10 14:00:00,1954,25.85349222355588,25.107940082411154,1.3157044796652908,270.6285598804777,Routine Check,0
2023-01-10 16:00:00,1954,67.06209039180729,50.49083208473281,2.3062471098112423,450.50477530012523,Routine Check,1
2023-01-10 18:00:00,1954,31.583400130088528,81.43444685293665,3.270187485993401,201.56666679567562,Routine Check,1
2023-01-10 20:00:00,1954,65.70587613313674,73.96849697533318,4.759506887333008,131.52094412378418,No Maintenance,0
2023-01-10 22:00:00,1954,117.99623263423094,92.88892803610881,1.0991668619109567,399.46228839325585,No Maintenance,1
